reference,manufacturer_part_number,jlcpcb,pcb_status
"BT1","B2B-PH-K-S(LF)(SN)","C131337","supplier-imported"
"C1","CL21A226KOQNNNE","C296720","supplier-imported"
"C2","CL10A106KO8NQNC","C962136","supplier-imported"
"C10","CL10B104KB8NNNC","C1591","supplier-imported"
"C12","CL10A106KO8NQNC","C962136","supplier-imported"
"C21","CL21A226KOQNNNE","C296720","supplier-imported"
"C22","CL10B105KA8NNNC","C29936","supplier-imported"
"C23","CL10A106KO8NQNC","C962136","supplier-imported"
"C37","CL10A106KO8NQNC","C962136","supplier-imported"
"C42","CL21A226KOQNNNE","C296720","supplier-imported"
"C44","CL10B105KA8NNNC","C29936","supplier-imported"
"C57","CL10A106KO8NQNC","C962136","supplier-imported"
"C58","CL21A226KOQNNNE","C296720","supplier-imported"
"C59","CL10A106KO8NQNC","C962136","supplier-imported"
"C60","CL10A106KO8NQNC","C962136","supplier-imported"
"C61","CL10C332JB8NNNC","C55395","supplier-imported"
"C68","CL10A106KO8NQNC","C962136","supplier-imported"
"C72","CL10B104KB8NNNC","C1591","supplier-imported"
"C80","CL10C332JB8NNNC","C55395","supplier-imported"
"D1","1SS355VMTE-17","C111695","supplier-imported"
"D2","1SS355VMTE-17","C111695","supplier-imported"
"DL1","150060VS75000","C6848499","supplier-imported"
"DL2","150060RS75000","C3030991","supplier-imported"
"F1","0466002.NRHF","C3105","supplier-imported"
"L1","DFE252012P-R47M=P2","C237552","supplier-imported"
"L2","DFE252012P-R47M=P2","C237552","supplier-imported"
"NT1","0603WAF0000T5E","C21189","supplier-imported"
"PTC1","0805L075SLYR","C207023","supplier-imported"
"Q1","MMBT3904LT1G","C81464","supplier-imported"
"Q3","MMBT3906LT1G","C53444","supplier-imported"
"Q5","NDC7002N","C114648","supplier-imported"
"Q9","NDC7002N","C114648","supplier-imported"
"Q10","NDC7002N","C114648","supplier-imported"
"R3","0603WAF5101T5E","C23186","supplier-imported"
"R4","0603WAF3302T5E","C4216","supplier-imported"
"R8","0603WAF1003T5E","C25803","supplier-imported"
"R9","0603WAF1003T5E","C25803","supplier-imported"
"R10","0603WAF2002T5E","C4184","supplier-imported"
"R11","0603WAF1001T5E","C21190","supplier-imported"
"R12","0603WAF1003T5E","C25803","supplier-imported"
"R13","0603WAF1003T5E","C25803","supplier-imported"
"R15","RC0603FR-0710KL","C98220","supplier-imported"
"R16","RC0603FR-0710KL","C98220","supplier-imported"
"R17","0603WAF1003T5E","C25803","supplier-imported"
"R18","RC0603FR-0710KL","C98220","supplier-imported"
"R24","0603WAF1003T5E","C25803","supplier-imported"
"R25","0603WAF3301T5E","C22978","supplier-imported"
"R58","0603WAF5101T5E","C23186","supplier-imported"
"R59","0603WAF8203T5E","C23252","supplier-imported"
"R60","0603WAF9102T5E","C23265","supplier-imported"
"R63","0603WAF1003T5E","C25803","supplier-imported"
"R64","0603WAF2003T5E","C25811","supplier-imported"
"R65","0603WAF1003T5E","C25803","supplier-imported"
"R66","0603WAF1003T5E","C25803","supplier-imported"
"R72","0603WAF5103T5E","C23192","supplier-imported"
"R73","0603WAF9102T5E","C23265","supplier-imported"
"SW1","CSS-1210TB","C2921710","supplier-imported"
"TP13","5015","C2906768","supplier-imported"
"TP14","5015","C2906768","supplier-imported"
"TP15","5015","C2906768","supplier-imported"
"TP16","5015","C2906768","supplier-imported"
"TP17","5015","C2906768","supplier-imported"
"TP18","5015","C2906768","supplier-imported"
"TP19","5015","C2906768","supplier-imported"
"TP20","5015","C2906768","supplier-imported"
"TP21","5015","C2906768","supplier-imported"
"TP22","5015","C2906768","supplier-imported"
"TP23","5015","C2906768","supplier-imported"
"TP24","5015","C2906768","supplier-imported"
"TP26","5015","C2906768","supplier-imported"
"TP30","5015","C2906768","supplier-imported"
"TP32","5015","C2906768","supplier-imported"
"U3","TPS3840DL20DBVR","C2066745","supplier-imported"
"U4","TPS74525PQWDRVRQ1","C2865628","supplier-imported"
"U5","TPS63802DLAR","C2845237","supplier-imported"
"U8","TPS74525PQWDRVRQ1","C2865628","supplier-imported"
"U10","TPS3840DL20DBVR","C2066745","supplier-imported"
"U11","TPS22917DBVR","C2681320","supplier-imported"
"U13","TPS63802DLAR","C2845237","supplier-imported"
"U14","MIC1557YM5-TR","C144169","supplier-imported"
"U17","TPS3840DL20DBVR","C2066745","supplier-imported"
"U18","TPS22917DBVR","C2681320","supplier-imported"
"P1","CART SLOT","","unresolved"
"U1","AGB-CPU","","unresolved"
"U2","CY62146EV30LL-45ZSXI","C466866","supplier-imported"
"C3","CL10C270JB8NNNC","C1656","supplier-imported"
"C4","CL10C330JB8NNNC","C1663","supplier-imported"
"C5","CL10B104KB8NNNC","C1591","supplier-imported"
"C6","CL10B104KB8NNNC","C1591","supplier-imported"
"C7","CL10B104KB8NNNC","C1591","supplier-imported"
"C8","CL10B104KB8NNNC","C1591","supplier-imported"
"C15","CL10B104KB8NNNC","C1591","supplier-imported"
"C16","CL10B104KB8NNNC","C1591","supplier-imported"
"C17","CL10B104KB8NNNC","C1591","supplier-imported"
"C18","CL10C101JB8NNNC","C14858","supplier-imported"
"C19","CL10C101JB8NNNC","C14858","supplier-imported"
"C20","CL10C101JB8NNNC","C14858","supplier-imported"
"C30","CL10B105KA8NNNC","C29936","supplier-imported"
"C34","CL10B104KB8NNNC","C1591","supplier-imported"
"C39","CL10B104KB8NNNC","C1591","supplier-imported"
"C43","CL10B104KB8NNNC","C1591","supplier-imported"
"C45","CL10B105KA8NNNC","C29936","supplier-imported"
"C46","CL10B105KA8NNNC","C29936","supplier-imported"
"C47","CL10B105KA8NNNC","C29936","supplier-imported"
"C48","CL10B105KA8NNNC","C29936","supplier-imported"
"C49","CL10B105KA8NNNC","C29936","supplier-imported"
"C50","CL10B105KA8NNNC","C29936","supplier-imported"
"C51","CL10B105KA8NNNC","C29936","supplier-imported"
"C52","CL10B104KB8NNNC","C1591","supplier-imported"
"C53","CL10B104KB8NNNC","C1591","supplier-imported"
"C62","CL10B103KB8NNNC","C1589","supplier-imported"
"C63","CL10B103KB8NNNC","C1589","supplier-imported"
"C64","CL10B103KB8NNNC","C1589","supplier-imported"
"C69","CL10B105KA8NNNC","C29936","supplier-imported"
"C73","CL10B103KB8NNNC","C1589","supplier-imported"
"C74","CL10B103KB8NNNC","C1589","supplier-imported"
"C75","CL10B103KB8NNNC","C1589","supplier-imported"
"C76","CL10B103KB8NNNC","C1589","supplier-imported"
"C77","CL10B103KB8NNNC","C1589","supplier-imported"
"C78","CL10B103KB8NNNC","C1589","supplier-imported"
"C79","CL10B103KB8NNNC","C1589","supplier-imported"
"EM1","ACM2520-801-3P-T002","C76578","supplier-imported"
"EM2","ACM2520-801-3P-T002","C76578","supplier-imported"
"EM3","MH1608-601Y","C780186","supplier-imported"
"EM7","MH1608-601Y","C780186","supplier-imported"
"JP1","PZ254V-11-02P","C492401","supplier-imported"
"JP2","0603WAF0000T5E","C21189","supplier-imported"
"JP3","PZ254V-11-02P","C492401","supplier-imported"
"P4","AGB-LINK","","unresolved"
"Q2","NDC7002N","C114648","supplier-imported"
"Q7","NDC7002N","C114648","supplier-imported"
"Q8","2N7002LT1G","C16338","supplier-imported"
"R1","0603WAF1504T5E","C4172","supplier-imported"
"R2","RC0603FR-0710KL","C98220","supplier-imported"
"R5","0603WAF1003T5E","C25803","supplier-imported"
"R6","0603WAF1003T5E","C25803","supplier-imported"
"R7","0603WAF1003T5E","C25803","supplier-imported"
"R29","0603WAF1802T5E","C25810","supplier-imported"
"R35","0603WAF1003T5E","C25803","supplier-imported"
"R38","0603WAF470JT5E","C23182","supplier-imported"
"R39","0603WAF470JT5E","C23182","supplier-imported"
"R40","0603WAF150JT5E","C22810","supplier-imported"
"R41","0603WAF2201T5E","C4190","supplier-imported"
"R43","0603WAF150JT5E","C22810","supplier-imported"
"R44","0603WAF150JT5E","C22810","supplier-imported"
"R68","0603WAF1003T5E","C25803","supplier-imported"
"RA1","RC-ML08W331JT","C172477","supplier-imported"
"SW2","1825027-5","C86476","supplier-imported"
"SW3","1825027-5","C86476","supplier-imported"
"TP0","5015","C2906768","supplier-imported"
"TP1","5015","C2906768","supplier-imported"
"TP2","5015","C2906768","supplier-imported"
"TP3","5015","C2906768","supplier-imported"
"TP4","5015","C2906768","supplier-imported"
"TP5","5015","C2906768","supplier-imported"
"TP6","5015","C2906768","supplier-imported"
"TP7","5015","C2906768","supplier-imported"
"TP8","5015","C2906768","supplier-imported"
"TP9","5015","C2906768","supplier-imported"
"TP12","5015","C2906768","supplier-imported"
"TP25","5015","C2906768","supplier-imported"
"TP27","5015","C2906768","supplier-imported"
"TP28","5015","C2906768","supplier-imported"
"TP29","5015","C2906768","supplier-imported"
"TP80","5015","C2906768","supplier-imported"
"TP81","5015","C2906768","supplier-imported"
"U12","TPS22917DBVR","C2681320","supplier-imported"
"U15","SN74LVC1G332DBVR","C43368","supplier-imported"
"U16","SN74HC02PWR","C484750","supplier-imported"
"X1","49SSMD-4.194304-20-10-10/B","C718663","supplier-imported"
"SW_B","SKRRABE010","C125046","supplier-imported"
"SW_A","SKRRABE010","C125046","supplier-imported"
"SW_START","SKRRABE010","C125046","supplier-imported"
"SW_SELECT","SKRRABE010","C125046","supplier-imported"
"SW_UP","SKRRABE010","C125046","supplier-imported"
"SW_RIGHT","SKRRABE010","C125046","supplier-imported"
"SW_DOWN","SKRRABE010","C125046","supplier-imported"
"SW_LEFT","SKRRABE010","C125046","supplier-imported"
"C11","CL10B105KA8NNNC","C29936","supplier-imported"
"C13","CL10B104KB8NNNC","C1591","supplier-imported"
"C14","CL10B104KB8NNNC","C1591","supplier-imported"
"C70","FCC0603N470J500CT","C5137501","supplier-imported"
"C71","FCC0603N470J500CT","C5137501","supplier-imported"
"P2","62684-402100ALF","C2931360","supplier-imported"
"R26","0603WAF3302T5E","C4216","supplier-imported"
"R36","0603WAF2700T5E","C22966","supplier-imported"
"R67","0603WAF1003T5E","C25803","supplier-imported"
"R70","0603WAF1003T5E","C25803","supplier-imported"
"R71","0603WAF1003T5E","C25803","supplier-imported"
"TP10","5015","C2906768","supplier-imported"
"TP11","5015","C2906768","supplier-imported"
"TP31","5015","C2906768","supplier-imported"
"VR1","TC33X-2-503E","C913246","supplier-imported"
"Z57","CL10C101JB8NNNC","C14858","supplier-imported"
"Z58","CL10C101JB8NNNC","C14858","supplier-imported"
"C9","CL10B105KA8NNNC","C29936","supplier-imported"
"C24","CL10C102JB8NNNC","C163508","supplier-imported"
"C25","CL10B105KA8NNNC","C29936","supplier-imported"
"C26","CL10C681JB8NNNC","C30816","supplier-imported"
"C27","CL10C331JB8NNNC","C1664","supplier-imported"
"C28","CL10C332JB8NNNC","C55395","supplier-imported"
"C29","CL10B105KA8NNNC","C29936","supplier-imported"
"C31","CL10C681JB8NNNC","C30816","supplier-imported"
"C32","CL10C102JB8NNNC","C163508","supplier-imported"
"C33","CL10C331JB8NNNC","C1664","supplier-imported"
"C35","CL10C332JB8NNNC","C55395","supplier-imported"
"C36","CL10B105KA8NNNC","C29936","supplier-imported"
"C38","CL10B105KA8NNNC","C29936","supplier-imported"
"C54","CL10B105KA8NNNC","C29936","supplier-imported"
"C55","CL10B105KA8NNNC","C29936","supplier-imported"
"C56","CL10B105KA8NNNC","C29936","supplier-imported"
"CP1","CL32A107MQVNNNE","C49066","supplier-imported"
"CP2","CL32A107MQVNNNE","C49066","supplier-imported"
"CP3","CL32A107MQVNNNE","C49066","supplier-imported"
"P3","SJ-3524-SMT-TR","C20182907","supplier-imported"
"Q6","2N7002LT1G","C16338","supplier-imported"
"R14","0603WAF1003T5E","C25803","supplier-imported"
"R19","0603WAF1001T5E","C21190","supplier-imported"
"R20","0603WAF1001T5E","C21190","supplier-imported"
"R30","0603WAF1003T5E","C25803","supplier-imported"
"R31","0603WAF1003T5E","C25803","supplier-imported"
"R34","0603WAF5101T5E","C23186","supplier-imported"
"R37","0603WAF1003T5E","C25803","supplier-imported"
"R42","0603WAF7501T5E","C23234","supplier-imported"
"R45","0603WAF1003T5E","C25803","supplier-imported"
"R46","0603WAF1003T5E","C25803","supplier-imported"
"R47","0603WAF2002T5E","C4184","supplier-imported"
"R48","0603WAF1802T5E","C25810","supplier-imported"
"R49","0603WAF1003T5E","C25803","supplier-imported"
"R50","0603WAF1003T5E","C25803","supplier-imported"
"R51","0603WAF7501T5E","C23234","supplier-imported"
"R52","0603WAF2002T5E","C4184","supplier-imported"
"R53","0603WAF5101T5E","C23186","supplier-imported"
"R54","0603WAF1802T5E","C25810","supplier-imported"
"R56","0603WAF2002T5E","C4184","supplier-imported"
"R57","0603WAF2002T5E","C4184","supplier-imported"
"SP1","B2B-PH-K-S(LF)(SN)","C131337","supplier-imported"
"TP33","5015","C2906768","supplier-imported"
"TP34","5015","C2906768","supplier-imported"
"TP114","5015","C2906768","supplier-imported"
"TP115","5015","C2906768","supplier-imported"
"U6","LM4853MM/NOPB","C2872995","supplier-imported"
"U7","TLV9064IPWR","C779410","supplier-imported"
"U9","SN74LVC2G34DBVR","C347589","supplier-imported"
"VR2","RK10J12R0A0B","C351175","supplier-imported"
