reference,original_pin,original_net,physical_endpoint,status
"P1","6","/CPU/A_{0}","P1.pin6","reference-connectivity-only"
"U1","33","/CPU/A_{0}","U1.pin33","reference-connectivity-only"
"P1","7","/CPU/A_{1}","P1.pin7","reference-connectivity-only"
"U1","32","/CPU/A_{1}","U1.pin32","reference-connectivity-only"
"P1","8","/CPU/A_{2}","P1.pin8","reference-connectivity-only"
"U1","31","/CPU/A_{2}","U1.pin31","reference-connectivity-only"
"P1","9","/CPU/A_{3}","P1.pin9","reference-connectivity-only"
"U1","30","/CPU/A_{3}","U1.pin30","reference-connectivity-only"
"P1","10","/CPU/A_{4}","P1.pin10","reference-connectivity-only"
"U1","29","/CPU/A_{4}","U1.pin29","reference-connectivity-only"
"P1","11","/CPU/A_{5}","P1.pin11","reference-connectivity-only"
"U1","28","/CPU/A_{5}","U1.pin28","reference-connectivity-only"
"P1","12","/CPU/A_{6}","P1.pin12","reference-connectivity-only"
"U1","27","/CPU/A_{6}","U1.pin27","reference-connectivity-only"
"P1","13","/CPU/A_{7}","P1.pin13","reference-connectivity-only"
"U1","26","/CPU/A_{7}","U1.pin26","reference-connectivity-only"
"P1","14","/CPU/A_{8}","P1.pin14","reference-connectivity-only"
"U1","25","/CPU/A_{8}","U1.pin25","reference-connectivity-only"
"P1","15","/CPU/A_{9}","P1.pin15","reference-connectivity-only"
"U1","24","/CPU/A_{9}","U1.pin24","reference-connectivity-only"
"P1","16","/CPU/A_{10}","P1.pin16","reference-connectivity-only"
"U1","23","/CPU/A_{10}","U1.pin23","reference-connectivity-only"
"P1","17","/CPU/A_{11}","P1.pin17","reference-connectivity-only"
"U1","22","/CPU/A_{11}","U1.pin22","reference-connectivity-only"
"P1","18","/CPU/A_{12}","P1.pin18","reference-connectivity-only"
"U1","21","/CPU/A_{12}","U1.pin21","reference-connectivity-only"
"P1","19","/CPU/A_{13}","P1.pin19","reference-connectivity-only"
"U1","20","/CPU/A_{13}","U1.pin20","reference-connectivity-only"
"P1","20","/CPU/A_{14}","P1.pin20","reference-connectivity-only"
"U1","19","/CPU/A_{14}","U1.pin19","reference-connectivity-only"
"P1","21","/CPU/A_{15}","P1.pin21","reference-connectivity-only"
"U1","18","/CPU/A_{15}","U1.pin18","reference-connectivity-only"
"TP115","1","/CPU/Audio/L-OUT","TP115.pin1","reference-connectivity-only"
"U1","7","/CPU/Audio/L-OUT","U1.pin7","reference-connectivity-only"
"U9","1","/CPU/Audio/L-OUT","U9.pin1","reference-connectivity-only"
"C56","1","/CPU/Audio/LIN","C56.pin1","reference-connectivity-only"
"TP33","1","/CPU/Audio/LIN","TP33.pin1","reference-connectivity-only"
"VR2","3","/CPU/Audio/LIN","VR2.pin3","reference-connectivity-only"
"TP114","1","/CPU/Audio/R-OUT","TP114.pin1","reference-connectivity-only"
"U1","6","/CPU/Audio/R-OUT","U1.pin6","reference-connectivity-only"
"U9","3","/CPU/Audio/R-OUT","U9.pin3","reference-connectivity-only"
"C55","1","/CPU/Audio/RIN","C55.pin1","reference-connectivity-only"
"TP34","1","/CPU/Audio/RIN","TP34.pin1","reference-connectivity-only"
"VR2","4","/CPU/Audio/RIN","VR2.pin5","reference-connectivity-only"
"C3","2","/CPU/CK1","C3.pin2","reference-connectivity-only"
"R1","1","/CPU/CK1","R1.pin1","reference-connectivity-only"
"TP80","1","/CPU/CK1","TP80.pin1","reference-connectivity-only"
"U1","113","/CPU/CK1","U1.pin113","reference-connectivity-only"
"X1","1","/CPU/CK1","X1.pin1","reference-connectivity-only"
"R1","2","/CPU/CK2","R1.pin2","reference-connectivity-only"
"R41","1","/CPU/CK2","R41.pin1","reference-connectivity-only"
"TP81","1","/CPU/CK2","TP81.pin1","reference-connectivity-only"
"U1","114","/CPU/CK2","U1.pin114","reference-connectivity-only"
"P2","25","/CPU/CLS","P2.pin25","reference-connectivity-only"
"U1","105","/CPU/CLS","U1.pin105","reference-connectivity-only"
"R36","2","/CPU/DCK_{R}","R36.pin2","reference-connectivity-only"
"U1","84","/CPU/DCK_{R}","U1.pin84","reference-connectivity-only"
"P1","22","/CPU/D_{0}","P1.pin22","reference-connectivity-only"
"U1","17","/CPU/D_{0}","U1.pin17","reference-connectivity-only"
"P1","23","/CPU/D_{1}","P1.pin23","reference-connectivity-only"
"U1","16","/CPU/D_{1}","U1.pin16","reference-connectivity-only"
"P1","24","/CPU/D_{2}","P1.pin24","reference-connectivity-only"
"U1","15","/CPU/D_{2}","U1.pin15","reference-connectivity-only"
"P1","25","/CPU/D_{3}","P1.pin25","reference-connectivity-only"
"U1","14","/CPU/D_{3}","U1.pin14","reference-connectivity-only"
"P1","26","/CPU/D_{4}","P1.pin26","reference-connectivity-only"
"U1","13","/CPU/D_{4}","U1.pin13","reference-connectivity-only"
"P1","27","/CPU/D_{5}","P1.pin27","reference-connectivity-only"
"U1","12","/CPU/D_{5}","U1.pin12","reference-connectivity-only"
"P1","28","/CPU/D_{6}","P1.pin28","reference-connectivity-only"
"U1","11","/CPU/D_{6}","U1.pin11","reference-connectivity-only"
"P1","29","/CPU/D_{7}","P1.pin29","reference-connectivity-only"
"U1","10","/CPU/D_{7}","U1.pin10","reference-connectivity-only"
"P2","3","/CPU/Display/DCK","P2.pin3","reference-connectivity-only"
"R36","1","/CPU/Display/DCK","R36.pin1","reference-connectivity-only"
"P2","29","/CPU/Display/VCOM","P2.pin29","reference-connectivity-only"
"VR1","2","/CPU/Display/VCOM","VR1.pin2","reference-connectivity-only"
"R26","1","/CPU/Display/VR1-2","R26.pin1","reference-connectivity-only"
"VR1","1","/CPU/Display/VR1-2","VR1.pin1","reference-connectivity-only"
"Q7","6","/CPU/Display/ZA","Q7.pin6","reference-connectivity-only"
"Z58","1","/CPU/Display/ZA","Z58.pin1","reference-connectivity-only"
"Q2","4","/CPU/Display/ZB","Q2.pin4","reference-connectivity-only"
"Z57","1","/CPU/Display/ZB","Z57.pin1","reference-connectivity-only"
"P1","C2","/CPU/IN35","P1.pin34","reference-connectivity-only"
"R5","1","/CPU/IN35","R5.pin1","reference-connectivity-only"
"U1","2","/CPU/IN35","U1.pin2","reference-connectivity-only"
"P1","31","/CPU/IRQ","P1.pin31","reference-connectivity-only"
"R6","2","/CPU/IRQ","R6.pin2","reference-connectivity-only"
"U1","8","/CPU/IRQ","U1.pin8","reference-connectivity-only"
"P2","23","/CPU/LDB1","P2.pin23","reference-connectivity-only"
"U1","101","/CPU/LDB1","U1.pin101","reference-connectivity-only"
"P2","22","/CPU/LDB2","P2.pin22","reference-connectivity-only"
"U1","100","/CPU/LDB2","U1.pin100","reference-connectivity-only"
"P2","21","/CPU/LDB3","P2.pin21","reference-connectivity-only"
"U1","99","/CPU/LDB3","U1.pin99","reference-connectivity-only"
"P2","20","/CPU/LDB4","P2.pin20","reference-connectivity-only"
"U1","98","/CPU/LDB4","U1.pin98","reference-connectivity-only"
"P2","19","/CPU/LDB5","P2.pin19","reference-connectivity-only"
"U1","97","/CPU/LDB5","U1.pin97","reference-connectivity-only"
"P2","17","/CPU/LDG1","P2.pin17","reference-connectivity-only"
"U1","96","/CPU/LDG1","U1.pin96","reference-connectivity-only"
"P2","16","/CPU/LDG2","P2.pin16","reference-connectivity-only"
"U1","95","/CPU/LDG2","U1.pin95","reference-connectivity-only"
"P2","15","/CPU/LDG3","P2.pin15","reference-connectivity-only"
"U1","94","/CPU/LDG3","U1.pin94","reference-connectivity-only"
"P2","14","/CPU/LDG4","P2.pin14","reference-connectivity-only"
"U1","93","/CPU/LDG4","U1.pin93","reference-connectivity-only"
"P2","13","/CPU/LDG5","P2.pin13","reference-connectivity-only"
"U1","92","/CPU/LDG5","U1.pin92","reference-connectivity-only"
"P2","12","/CPU/LDR1","P2.pin12","reference-connectivity-only"
"U1","91","/CPU/LDR1","U1.pin91","reference-connectivity-only"
"P2","11","/CPU/LDR2","P2.pin11","reference-connectivity-only"
"U1","90","/CPU/LDR2","U1.pin90","reference-connectivity-only"
"P2","10","/CPU/LDR3","P2.pin10","reference-connectivity-only"
"U1","89","/CPU/LDR3","U1.pin89","reference-connectivity-only"
"P2","9","/CPU/LDR4","P2.pin9","reference-connectivity-only"
"U1","88","/CPU/LDR4","U1.pin88","reference-connectivity-only"
"P2","8","/CPU/LDR5","P2.pin8","reference-connectivity-only"
"U1","87","/CPU/LDR5","U1.pin87","reference-connectivity-only"
"EM1","6","/CPU/LGND","EM1.pin6","reference-connectivity-only"
"EM2","4","/CPU/LGND","EM2.pin4","reference-connectivity-only"
"P4","6","/CPU/LGND","P4.pin6","reference-connectivity-only"
"P4","7","/CPU/LGND","P4.pin7","reference-connectivity-only"
"P4","8","/CPU/LGND","P4.pin8","reference-connectivity-only"
"P2","4","/CPU/LP","P2.pin4","reference-connectivity-only"
"U1","85","/CPU/LP","U1.pin85","reference-connectivity-only"
"U15","4","/CPU/LRST","U15.pin4","reference-connectivity-only"
"U16","11","/CPU/LRST","U16.pin11","reference-connectivity-only"
"U16","3","/CPU/LRST","U16.pin3","reference-connectivity-only"
"U16","6","/CPU/LRST","U16.pin6","reference-connectivity-only"
"U16","8","/CPU/LRST","U16.pin8","reference-connectivity-only"
"U1","45","/CPU/MA_{0}","U1.pin45","reference-connectivity-only"
"U2","25","/CPU/MA_{0}","U2.pin5","reference-connectivity-only"
"U1","46","/CPU/MA_{1}","U1.pin46","reference-connectivity-only"
"U2","24","/CPU/MA_{1}","U2.pin4","reference-connectivity-only"
"U1","47","/CPU/MA_{2}","U1.pin47","reference-connectivity-only"
"U2","23","/CPU/MA_{2}","U2.pin3","reference-connectivity-only"
"U1","48","/CPU/MA_{3}","U1.pin48","reference-connectivity-only"
"U2","22","/CPU/MA_{3}","U2.pin2","reference-connectivity-only"
"U1","49","/CPU/MA_{4}","U1.pin49","reference-connectivity-only"
"U2","21","/CPU/MA_{4}","U2.pin1","reference-connectivity-only"
"U1","50","/CPU/MA_{5}","U1.pin50","reference-connectivity-only"
"U2","20","/CPU/MA_{5}","U2.pin44","reference-connectivity-only"
"U1","51","/CPU/MA_{6}","U1.pin51","reference-connectivity-only"
"U2","19","/CPU/MA_{6}","U2.pin43","reference-connectivity-only"
"U1","52","/CPU/MA_{7}","U1.pin52","reference-connectivity-only"
"U2","18","/CPU/MA_{7}","U2.pin42","reference-connectivity-only"
"U1","56","/CPU/MA_{8}","U1.pin56","reference-connectivity-only"
"U2","8","/CPU/MA_{8}","U2.pin27","reference-connectivity-only"
"U1","57","/CPU/MA_{9}","U1.pin57","reference-connectivity-only"
"U2","7","/CPU/MA_{9}","U2.pin26","reference-connectivity-only"
"U1","58","/CPU/MA_{10}","U1.pin58","reference-connectivity-only"
"U2","6","/CPU/MA_{10}","U2.pin25","reference-connectivity-only"
"U1","59","/CPU/MA_{11}","U1.pin59","reference-connectivity-only"
"U2","5","/CPU/MA_{11}","U2.pin24","reference-connectivity-only"
"U1","60","/CPU/MA_{12}","U1.pin60","reference-connectivity-only"
"U2","4","/CPU/MA_{12}","U2.pin23","reference-connectivity-only"
"U1","61","/CPU/MA_{13}","U1.pin61","reference-connectivity-only"
"U2","3","/CPU/MA_{13}","U2.pin22","reference-connectivity-only"
"U1","62","/CPU/MA_{14}","U1.pin62","reference-connectivity-only"
"U2","2","/CPU/MA_{14}","U2.pin21","reference-connectivity-only"
"U1","63","/CPU/MA_{15}","U1.pin63","reference-connectivity-only"
"U2","1","/CPU/MA_{15}","U2.pin20","reference-connectivity-only"
"U1","74","/CPU/MA_{16}","U1.pin74","reference-connectivity-only"
"U2","48","/CPU/MA_{16}","U2.pin19","reference-connectivity-only"
"U1","82","/CPU/MD_{0}","U1.pin82","reference-connectivity-only"
"U2","29","/CPU/MD_{0}","U2.pin7","reference-connectivity-only"
"U1","80","/CPU/MD_{1}","U1.pin80","reference-connectivity-only"
"U2","31","/CPU/MD_{1}","U2.pin8","reference-connectivity-only"
"U1","78","/CPU/MD_{2}","U1.pin78","reference-connectivity-only"
"U2","33","/CPU/MD_{2}","U2.pin9","reference-connectivity-only"
"U1","76","/CPU/MD_{3}","U1.pin76","reference-connectivity-only"
"U2","35","/CPU/MD_{3}","U2.pin10","reference-connectivity-only"
"U1","66","/CPU/MD_{4}","U1.pin66","reference-connectivity-only"
"U2","38","/CPU/MD_{4}","U2.pin13","reference-connectivity-only"
"U1","68","/CPU/MD_{5}","U1.pin68","reference-connectivity-only"
"U2","40","/CPU/MD_{5}","U2.pin14","reference-connectivity-only"
"U1","70","/CPU/MD_{6}","U1.pin70","reference-connectivity-only"
"U2","42","/CPU/MD_{6}","U2.pin15","reference-connectivity-only"
"U1","72","/CPU/MD_{7}","U1.pin72","reference-connectivity-only"
"U2","44","/CPU/MD_{7}","U2.pin16","reference-connectivity-only"
"U1","81","/CPU/MD_{8}","U1.pin81","reference-connectivity-only"
"U2","30","/CPU/MD_{8}","U2.pin29","reference-connectivity-only"
"U1","79","/CPU/MD_{9}","U1.pin79","reference-connectivity-only"
"U2","32","/CPU/MD_{9}","U2.pin30","reference-connectivity-only"
"U1","77","/CPU/MD_{10}","U1.pin77","reference-connectivity-only"
"U2","34","/CPU/MD_{10}","U2.pin31","reference-connectivity-only"
"U1","75","/CPU/MD_{11}","U1.pin75","reference-connectivity-only"
"U2","36","/CPU/MD_{11}","U2.pin32","reference-connectivity-only"
"U1","67","/CPU/MD_{12}","U1.pin67","reference-connectivity-only"
"U2","39","/CPU/MD_{12}","U2.pin35","reference-connectivity-only"
"U1","69","/CPU/MD_{13}","U1.pin69","reference-connectivity-only"
"U2","41","/CPU/MD_{13}","U2.pin36","reference-connectivity-only"
"U1","71","/CPU/MD_{14}","U1.pin71","reference-connectivity-only"
"U2","43","/CPU/MD_{14}","U2.pin37","reference-connectivity-only"
"U1","73","/CPU/MD_{15}","U1.pin73","reference-connectivity-only"
"U2","45","/CPU/MD_{15}","U2.pin38","reference-connectivity-only"
"P2","28","/CPU/MOD","P2.pin28","reference-connectivity-only"
"U1","107","/CPU/MOD","U1.pin107","reference-connectivity-only"
"P1","2","/CPU/PHI","P1.pin2","reference-connectivity-only"
"U1","37","/CPU/PHI","U1.pin37","reference-connectivity-only"
"P2","5","/CPU/PS","P2.pin5","reference-connectivity-only"
"U1","86","/CPU/PS","U1.pin86","reference-connectivity-only"
"P1","30","/CPU/RES","P1.pin30","reference-connectivity-only"
"R2","2","/CPU/RES","R2.pin2","reference-connectivity-only"
"R40","1","/CPU/RES","R40.pin1","reference-connectivity-only"
"R40","2","/CPU/RES_{0}","R40.pin2","reference-connectivity-only"
"U1","9","/CPU/RES_{0}","U1.pin9","reference-connectivity-only"
"EM2","5","/CPU/SCK","EM2.pin5","reference-connectivity-only"
"P4","5","/CPU/SCK","P4.pin5","reference-connectivity-only"
"EM2","6","/CPU/SD","EM2.pin6","reference-connectivity-only"
"P4","4","/CPU/SD","P4.pin4","reference-connectivity-only"
"EM1","5","/CPU/SI","EM1.pin5","reference-connectivity-only"
"P4","3","/CPU/SI","P4.pin3","reference-connectivity-only"
"EM1","4","/CPU/SO","EM1.pin4","reference-connectivity-only"
"P4","2","/CPU/SO","P4.pin2","reference-connectivity-only"
"P2","24","/CPU/SPL","P2.pin24","reference-connectivity-only"
"U1","104","/CPU/SPL","U1.pin104","reference-connectivity-only"
"P2","26","/CPU/SPS","P2.pin26","reference-connectivity-only"
"U1","106","/CPU/SPS","U1.pin106","reference-connectivity-only"
"C79","2","/CPU/TP0","C79.pin2","reference-connectivity-only"
"SW4","2","/CPU/TP0","SW_A.pin1","reference-connectivity-only"
"SW4","2","/CPU/TP0","SW_A.pin3","reference-connectivity-only"
"TP0","1","/CPU/TP0","TP0.pin1","reference-connectivity-only"
"U1","4","/CPU/TP0","U1.pin4","reference-connectivity-only"
"U16","9","/CPU/TP0","U16.pin9","reference-connectivity-only"
"C73","2","/CPU/TP1","C73.pin2","reference-connectivity-only"
"SW4","1","/CPU/TP1","SW_B.pin1","reference-connectivity-only"
"SW4","1","/CPU/TP1","SW_B.pin3","reference-connectivity-only"
"TP1","1","/CPU/TP1","TP1.pin1","reference-connectivity-only"
"U1","5","/CPU/TP1","U1.pin5","reference-connectivity-only"
"U16","5","/CPU/TP1","U16.pin5","reference-connectivity-only"
"C78","2","/CPU/TP2","C78.pin2","reference-connectivity-only"
"SW5","2","/CPU/TP2","SW_SELECT.pin1","reference-connectivity-only"
"SW5","2","/CPU/TP2","SW_SELECT.pin3","reference-connectivity-only"
"TP2","1","/CPU/TP2","TP2.pin1","reference-connectivity-only"
"TP29","1","/CPU/TP2","TP29.pin1","reference-connectivity-only"
"U1","126","/CPU/TP2","U1.pin126","reference-connectivity-only"
"U16","12","/CPU/TP2","U16.pin12","reference-connectivity-only"
"C77","2","/CPU/TP3","C77.pin2","reference-connectivity-only"
"SW5","1","/CPU/TP3","SW_START.pin1","reference-connectivity-only"
"SW5","1","/CPU/TP3","SW_START.pin3","reference-connectivity-only"
"TP3","1","/CPU/TP3","TP3.pin1","reference-connectivity-only"
"U1","127","/CPU/TP3","U1.pin127","reference-connectivity-only"
"U15","1","/CPU/TP3","U15.pin1","reference-connectivity-only"
"C74","2","/CPU/TP4","C74.pin2","reference-connectivity-only"
"SW6","2","/CPU/TP4","SW_RIGHT.pin1","reference-connectivity-only"
"SW6","2","/CPU/TP4","SW_RIGHT.pin3","reference-connectivity-only"
"TP4","1","/CPU/TP4","TP4.pin1","reference-connectivity-only"
"U1","123","/CPU/TP4","U1.pin123","reference-connectivity-only"
"C75","2","/CPU/TP5","C75.pin2","reference-connectivity-only"
"SW6","4","/CPU/TP5","SW_LEFT.pin1","reference-connectivity-only"
"SW6","4","/CPU/TP5","SW_LEFT.pin3","reference-connectivity-only"
"TP5","1","/CPU/TP5","TP5.pin1","reference-connectivity-only"
"U1","121","/CPU/TP5","U1.pin121","reference-connectivity-only"
"C62","2","/CPU/TP6","C62.pin2","reference-connectivity-only"
"SW6","1","/CPU/TP6","SW_UP.pin1","reference-connectivity-only"
"SW6","1","/CPU/TP6","SW_UP.pin3","reference-connectivity-only"
"TP6","1","/CPU/TP6","TP6.pin1","reference-connectivity-only"
"U1","120","/CPU/TP6","U1.pin120","reference-connectivity-only"
"U16","2","/CPU/TP6","U16.pin2","reference-connectivity-only"
"C76","2","/CPU/TP7","C76.pin2","reference-connectivity-only"
"SW6","3","/CPU/TP7","SW_DOWN.pin1","reference-connectivity-only"
"SW6","3","/CPU/TP7","SW_DOWN.pin3","reference-connectivity-only"
"TP7","1","/CPU/TP7","TP7.pin1","reference-connectivity-only"
"U1","122","/CPU/TP7","U1.pin122","reference-connectivity-only"
"C63","2","/CPU/TP8","C63.pin2","reference-connectivity-only"
"R43","2","/CPU/TP8","R43.pin2","reference-connectivity-only"
"TP27","1","/CPU/TP8","TP27.pin1","reference-connectivity-only"
"TP8","1","/CPU/TP8","TP8.pin1","reference-connectivity-only"
"U1","3","/CPU/TP8","U1.pin3","reference-connectivity-only"
"U15","3","/CPU/TP8","U15.pin3","reference-connectivity-only"
"C64","2","/CPU/TP9","C64.pin2","reference-connectivity-only"
"R44","2","/CPU/TP9","R44.pin2","reference-connectivity-only"
"TP28","1","/CPU/TP9","TP28.pin1","reference-connectivity-only"
"TP9","1","/CPU/TP9","TP9.pin1","reference-connectivity-only"
"U1","119","/CPU/TP9","U1.pin119","reference-connectivity-only"
"U15","6","/CPU/TP9","U15.pin6","reference-connectivity-only"
"Q8","1","/CPU/VCNT5","Q8.pin1","reference-connectivity-only"
"U1","118","/CPU/VCNT5","U1.pin118","reference-connectivity-only"
"C14","1","/CPU/VSHD","C14.pin1","reference-connectivity-only"
"P2","2","/CPU/VSHD","P2.pin2","reference-connectivity-only"
"P2","27","/CPU/VSHD","P2.pin27","reference-connectivity-only"
"P2","7","/CPU/VSHD","P2.pin7","reference-connectivity-only"
"R67","2","/CPU/VSHD","R67.pin2","reference-connectivity-only"
"U12","5","/CPU/VSHD","U12.pin5","reference-connectivity-only"
"U12","6","/CPU/VSHD","U12.pin6","reference-connectivity-only"
"P1","5","/CPU/~{CS}","P1.pin5","reference-connectivity-only"
"R39","1","/CPU/~{CS}","R39.pin1","reference-connectivity-only"
"R39","2","/CPU/~{CS}_{0}","R39.pin2","reference-connectivity-only"
"U1","34","/CPU/~{CS}_{0}","U1.pin34","reference-connectivity-only"
"U1","53","/CPU/~{LB}","U1.pin53","reference-connectivity-only"
"U2","15","/CPU/~{LB}","U2.pin39","reference-connectivity-only"
"U1","83","/CPU/~{OE}_{RAM}","U1.pin83","reference-connectivity-only"
"U2","28","/CPU/~{OE}_{RAM}","U2.pin41","reference-connectivity-only"
"P1","4","/CPU/~{RD}","P1.pin4","reference-connectivity-only"
"U1","35","/CPU/~{RD}","U1.pin35","reference-connectivity-only"
"U1","54","/CPU/~{UB}","U1.pin54","reference-connectivity-only"
"U2","14","/CPU/~{UB}","U2.pin40","reference-connectivity-only"
"U1","55","/CPU/~{WE}_{RAM}","U1.pin55","reference-connectivity-only"
"U2","11","/CPU/~{WE}_{RAM}","U2.pin17","reference-connectivity-only"
"P1","3","/CPU/~{WR}","P1.pin3","reference-connectivity-only"
"R38","1","/CPU/~{WR}","R38.pin1","reference-connectivity-only"
"R38","2","/CPU/~{WR}_{0}","R38.pin2","reference-connectivity-only"
"U1","36","/CPU/~{WR}_{0}","U1.pin36","reference-connectivity-only"
"C68","1","/D1A","C68.pin1","reference-connectivity-only"
"DL1","1","/D1A","DL1.pin1","reference-connectivity-only"
"Q9","3","/D1A","Q9.pin3","reference-connectivity-only"
"Q9","6","/D1A","Q9.pin6","reference-connectivity-only"
"DL1","2","/DL1A","DL1.pin2","reference-connectivity-only"
"R25","2","/DL1A","R25.pin2","reference-connectivity-only"
"DL2","2","/DL2A","DL2.pin2","reference-connectivity-only"
"Q5","6","/DL2A","Q5.pin6","reference-connectivity-only"
"R10","2","/DL2A","R10.pin2","reference-connectivity-only"
"Q10","3","/EN","Q10.pin3","reference-connectivity-only"
"Q10","5","/EN","Q10.pin5","reference-connectivity-only"
"R11","2","/EN","R11.pin2","reference-connectivity-only"
"R24","1","/EN","R24.pin1","reference-connectivity-only"
"TP24","1","/EN","TP24.pin1","reference-connectivity-only"
"U13","1","/EN","U13.pin1","reference-connectivity-only"
"U3","1","/EN","U3.pin1","reference-connectivity-only"
"R8","2","/PG_{2V5}","R8.pin2","reference-connectivity-only"
"TP30","1","/PG_{2V5}","TP30.pin1","reference-connectivity-only"
"U18","3","/PG_{2V5}","U18.pin3","reference-connectivity-only"
"U4","3","/PG_{2V5}","U4.pin4","reference-connectivity-only"
"U5","1","/PG_{2V5}","U5.pin1","reference-connectivity-only"
"U8","4","/PG_{2V5}","U8.pin5","reference-connectivity-only"
"R13","1","/PG_{3V3}","R13.pin1","reference-connectivity-only"
"TP23","1","/PG_{3V3}","TP23.pin1","reference-connectivity-only"
"U13","5","/PG_{3V3}","U13.pin5","reference-connectivity-only"
"U8","3","/PG_{3V3}","U8.pin4","reference-connectivity-only"
"C1","1","/VFILT","C1.pin1","reference-connectivity-only"
"D2","1","/VFILT","D2.pin1","reference-connectivity-only"
"R9","2","/VFILT","R9.pin2","reference-connectivity-only"
"TP26","1","/VFILT","TP26.pin1","reference-connectivity-only"
"U3","2","/VFILT","U3.pin2","reference-connectivity-only"
"Q10","6","/~{MR}","Q10.pin6","reference-connectivity-only"
"TP17","1","/~{MR}","TP17.pin1","reference-connectivity-only"
"U3","4","/~{MR}","U3.pin4","reference-connectivity-only"
"C30","2","/~{RESET}","C30.pin2","reference-connectivity-only"
"EM7","1","/~{RESET}","EM7.pin1","reference-connectivity-only"
"JP1","2","/~{RESET}","JP1.pin2","reference-connectivity-only"
"R29","1","/~{RESET}","R29.pin1","reference-connectivity-only"
"TP15","1","/~{RESET}","TP15.pin1","reference-connectivity-only"
"U5","5","/~{RESET}","U5.pin5","reference-connectivity-only"
"Q8","3","/~{VCNT5}","Q8.pin3","reference-connectivity-only"
"R7","2","/~{VCNT5}","R7.pin2","reference-connectivity-only"
"U11","3","/~{VCNT5}","U11.pin3","reference-connectivity-only"
"U12","3","/~{VCNT5}","U12.pin3","reference-connectivity-only"
"C26","2","AGND","C26.pin2","reference-connectivity-only"
"C27","2","AGND","C27.pin2","reference-connectivity-only"
"C31","2","AGND","C31.pin2","reference-connectivity-only"
"C33","2","AGND","C33.pin2","reference-connectivity-only"
"C36","2","AGND","C36.pin2","reference-connectivity-only"
"C38","2","AGND","C38.pin2","reference-connectivity-only"
"C54","2","AGND","C54.pin2","reference-connectivity-only"
"C59","2","AGND","C59.pin2","reference-connectivity-only"
"C9","2","AGND","C9.pin2","reference-connectivity-only"
"NT1","2","AGND","NT1.pin2","reference-connectivity-only"
"P3","1","AGND","P3.pin1","reference-connectivity-only"
"Q6","2","AGND","Q6.pin2","reference-connectivity-only"
"R19","2","AGND","R19.pin2","reference-connectivity-only"
"R20","2","AGND","R20.pin2","reference-connectivity-only"
"R45","2","AGND","R45.pin2","reference-connectivity-only"
"R49","2","AGND","R49.pin2","reference-connectivity-only"
"U6","4","AGND","U6.pin4","reference-connectivity-only"
"U7","11","AGND","U7.pin11","reference-connectivity-only"
"U9","2","AGND","U9.pin2","reference-connectivity-only"
"VR2","5","AGND","VR2.pin1","reference-connectivity-only"
"BT1","2","GND","BT1.pin2","reference-connectivity-only"
"C1","2","GND","C1.pin2","reference-connectivity-only"
"C10","2","GND","C10.pin2","reference-connectivity-only"
"C11","2","GND","C11.pin2","reference-connectivity-only"
"C12","2","GND","C12.pin2","reference-connectivity-only"
"C13","2","GND","C13.pin2","reference-connectivity-only"
"C14","2","GND","C14.pin2","reference-connectivity-only"
"C15","2","GND","C15.pin2","reference-connectivity-only"
"C16","2","GND","C16.pin2","reference-connectivity-only"
"C17","2","GND","C17.pin2","reference-connectivity-only"
"C18","2","GND","C18.pin2","reference-connectivity-only"
"C19","2","GND","C19.pin2","reference-connectivity-only"
"C2","2","GND","C2.pin2","reference-connectivity-only"
"C20","2","GND","C20.pin2","reference-connectivity-only"
"C21","2","GND","C21.pin2","reference-connectivity-only"
"C22","2","GND","C22.pin2","reference-connectivity-only"
"C23","2","GND","C23.pin2","reference-connectivity-only"
"C3","1","GND","C3.pin1","reference-connectivity-only"
"C30","1","GND","C30.pin1","reference-connectivity-only"
"C34","2","GND","C34.pin2","reference-connectivity-only"
"C37","2","GND","C37.pin2","reference-connectivity-only"
"C39","2","GND","C39.pin2","reference-connectivity-only"
"C4","2","GND","C4.pin2","reference-connectivity-only"
"C42","2","GND","C42.pin2","reference-connectivity-only"
"C43","2","GND","C43.pin2","reference-connectivity-only"
"C44","2","GND","C44.pin2","reference-connectivity-only"
"C45","2","GND","C45.pin2","reference-connectivity-only"
"C46","2","GND","C46.pin2","reference-connectivity-only"
"C47","2","GND","C47.pin2","reference-connectivity-only"
"C48","2","GND","C48.pin2","reference-connectivity-only"
"C49","2","GND","C49.pin2","reference-connectivity-only"
"C5","2","GND","C5.pin2","reference-connectivity-only"
"C50","2","GND","C50.pin2","reference-connectivity-only"
"C51","2","GND","C51.pin2","reference-connectivity-only"
"C52","2","GND","C52.pin2","reference-connectivity-only"
"C53","2","GND","C53.pin2","reference-connectivity-only"
"C57","2","GND","C57.pin2","reference-connectivity-only"
"C58","2","GND","C58.pin2","reference-connectivity-only"
"C6","2","GND","C6.pin2","reference-connectivity-only"
"C60","2","GND","C60.pin2","reference-connectivity-only"
"C61","2","GND","C61.pin2","reference-connectivity-only"
"C62","1","GND","C62.pin1","reference-connectivity-only"
"C63","1","GND","C63.pin1","reference-connectivity-only"
"C64","1","GND","C64.pin1","reference-connectivity-only"
"C68","2","GND","C68.pin2","reference-connectivity-only"
"C69","2","GND","C69.pin2","reference-connectivity-only"
"C7","2","GND","C7.pin2","reference-connectivity-only"
"C70","2","GND","C70.pin2","reference-connectivity-only"
"C71","2","GND","C71.pin2","reference-connectivity-only"
"C72","2","GND","C72.pin2","reference-connectivity-only"
"C73","1","GND","C73.pin1","reference-connectivity-only"
"C74","1","GND","C74.pin1","reference-connectivity-only"
"C75","1","GND","C75.pin1","reference-connectivity-only"
"C76","1","GND","C76.pin1","reference-connectivity-only"
"C77","1","GND","C77.pin1","reference-connectivity-only"
"C78","1","GND","C78.pin1","reference-connectivity-only"
"C79","1","GND","C79.pin1","reference-connectivity-only"
"C8","2","GND","C8.pin2","reference-connectivity-only"
"C80","2","GND","C80.pin2","reference-connectivity-only"
"D1","2","GND","D1.pin2","reference-connectivity-only"
"EM1","1","GND","EM1.pin1","reference-connectivity-only"
"EM2","3","GND","EM2.pin3","reference-connectivity-only"
"JP2","1","GND","JP2.pin1","reference-connectivity-only"
"NT1","1","GND","NT1.pin1","reference-connectivity-only"
"P1","32","GND","P1.pin32","reference-connectivity-only"
"P2","0","GND","P2.pin41","reference-connectivity-only"
"P2","0","GND","P2.pin42","reference-connectivity-only"
"P2","18","GND","P2.pin18","reference-connectivity-only"
"P2","35","GND","P2.pin35","reference-connectivity-only"
"P2","6","GND","P2.pin6","reference-connectivity-only"
"Q1","2","GND","Q1.pin2","reference-connectivity-only"
"Q10","2","GND","Q10.pin2","reference-connectivity-only"
"Q2","2","GND","Q2.pin2","reference-connectivity-only"
"Q2","5","GND","Q2.pin5","reference-connectivity-only"
"Q5","2","GND","Q5.pin2","reference-connectivity-only"
"Q5","5","GND","Q5.pin5","reference-connectivity-only"
"Q7","2","GND","Q7.pin2","reference-connectivity-only"
"Q7","5","GND","Q7.pin5","reference-connectivity-only"
"Q8","2","GND","Q8.pin2","reference-connectivity-only"
"Q9","2","GND","Q9.pin2","reference-connectivity-only"
"Q9","5","GND","Q9.pin5","reference-connectivity-only"
"R17","2","GND","R17.pin2","reference-connectivity-only"
"R24","2","GND","R24.pin2","reference-connectivity-only"
"R4","2","GND","R4.pin2","reference-connectivity-only"
"R5","2","GND","R5.pin2","reference-connectivity-only"
"R60","2","GND","R60.pin2","reference-connectivity-only"
"R63","2","GND","R63.pin2","reference-connectivity-only"
"R73","2","GND","R73.pin2","reference-connectivity-only"
"SW1","5","GND","","documented-omission"
"SW2","2","GND","SW2.pin2","reference-connectivity-only"
"SW3","2","GND","SW3.pin2","reference-connectivity-only"
"SW4","3","GND","SW_B.pin2","reference-connectivity-only"
"SW4","3","GND","SW_B.pin4","reference-connectivity-only"
"SW4","4","GND","SW_A.pin2","reference-connectivity-only"
"SW4","4","GND","SW_A.pin4","reference-connectivity-only"
"SW5","3","GND","SW_START.pin2","reference-connectivity-only"
"SW5","3","GND","SW_START.pin4","reference-connectivity-only"
"SW5","4","GND","SW_SELECT.pin2","reference-connectivity-only"
"SW5","4","GND","SW_SELECT.pin4","reference-connectivity-only"
"SW6","5","GND","SW_UP.pin2","reference-connectivity-only"
"SW6","5","GND","SW_UP.pin4","reference-connectivity-only"
"SW6","6","GND","SW_RIGHT.pin2","reference-connectivity-only"
"SW6","6","GND","SW_RIGHT.pin4","reference-connectivity-only"
"SW6","7","GND","SW_DOWN.pin2","reference-connectivity-only"
"SW6","7","GND","SW_DOWN.pin4","reference-connectivity-only"
"SW6","8","GND","SW_LEFT.pin2","reference-connectivity-only"
"SW6","8","GND","SW_LEFT.pin4","reference-connectivity-only"
"U1","102","GND","U1.pin102","reference-connectivity-only"
"U1","109","GND","U1.pin109","reference-connectivity-only"
"U1","110","GND","U1.pin110","reference-connectivity-only"
"U1","111","GND","U1.pin111","reference-connectivity-only"
"U1","112","GND","U1.pin112","reference-connectivity-only"
"U1","116","GND","U1.pin116","reference-connectivity-only"
"U1","128","GND","U1.pin128","reference-connectivity-only"
"U1","129","GND","","documented-omission"
"U1","130","GND","","documented-omission"
"U1","39","GND","U1.pin39","reference-connectivity-only"
"U1","64","GND","U1.pin64","reference-connectivity-only"
"U10","3","GND","U10.pin3","reference-connectivity-only"
"U11","2","GND","U11.pin2","reference-connectivity-only"
"U12","2","GND","U12.pin2","reference-connectivity-only"
"U13","2","GND","U13.pin2","reference-connectivity-only"
"U13","3","GND","U13.pin3","reference-connectivity-only"
"U13","8","GND","U13.pin8","reference-connectivity-only"
"U14","2","GND","U14.pin2","reference-connectivity-only"
"U15","2","GND","U15.pin2","reference-connectivity-only"
"U16","7","GND","U16.pin7","reference-connectivity-only"
"U17","3","GND","U17.pin3","reference-connectivity-only"
"U18","2","GND","U18.pin2","reference-connectivity-only"
"U2","13","GND","U2.pin12","reference-connectivity-only"
"U2","26","GND","U2.pin6","reference-connectivity-only"
"U2","27","GND","U2.pin12","reference-connectivity-only"
"U2","46","GND","U2.pin34","reference-connectivity-only"
"U3","3","GND","U3.pin3","reference-connectivity-only"
"U4","2","GND","U4.pin3","reference-connectivity-only"
"U4","2","GND","U4.pin7","reference-connectivity-only"
"U4","2","GND","U4.pin2","reference-connectivity-only"
"U5","2","GND","U5.pin2","reference-connectivity-only"
"U5","3","GND","U5.pin3","reference-connectivity-only"
"U5","8","GND","U5.pin8","reference-connectivity-only"
"U8","2","GND","U8.pin3","reference-connectivity-only"
"U8","2","GND","U8.pin7","reference-connectivity-only"
"U8","2","GND","U8.pin2","reference-connectivity-only"
"VR1","3","GND","VR1.pin3","reference-connectivity-only"
"BT1","1","Net-(BT1-+)","BT1.pin1","reference-connectivity-only"
"D1","1","Net-(BT1-+)","D1.pin1","reference-connectivity-only"
"F1","1","Net-(BT1-+)","F1.pin1","reference-connectivity-only"
"C4","1","Net-(C4-Pad1)","C4.pin1","reference-connectivity-only"
"R41","2","Net-(C4-Pad1)","R41.pin2","reference-connectivity-only"
"X1","2","Net-(C4-Pad1)","X1.pin2","reference-connectivity-only"
"C24","1","Net-(C24-Pad1)","C24.pin1","reference-connectivity-only"
"R42","1","Net-(C24-Pad1)","R42.pin1","reference-connectivity-only"
"R47","1","Net-(C24-Pad1)","R47.pin1","reference-connectivity-only"
"C25","2","Net-(C25-Pad2)","C25.pin2","reference-connectivity-only"
"R42","2","Net-(C25-Pad2)","R42.pin2","reference-connectivity-only"
"R45","1","Net-(C25-Pad2)","R45.pin1","reference-connectivity-only"
"R46","2","Net-(C25-Pad2)","R46.pin2","reference-connectivity-only"
"C28","1","Net-(C28-Pad1)","C28.pin1","reference-connectivity-only"
"R34","1","Net-(C28-Pad1)","R34.pin1","reference-connectivity-only"
"R48","1","Net-(C28-Pad1)","R48.pin1","reference-connectivity-only"
"C29","2","Net-(C29-Pad2)","C29.pin2","reference-connectivity-only"
"R49","1","Net-(C29-Pad2)","R49.pin1","reference-connectivity-only"
"R50","2","Net-(C29-Pad2)","R50.pin2","reference-connectivity-only"
"R51","2","Net-(C29-Pad2)","R51.pin2","reference-connectivity-only"
"C32","1","Net-(C32-Pad1)","C32.pin1","reference-connectivity-only"
"R51","1","Net-(C32-Pad1)","R51.pin1","reference-connectivity-only"
"R52","1","Net-(C32-Pad1)","R52.pin1","reference-connectivity-only"
"C35","1","Net-(C35-Pad1)","C35.pin1","reference-connectivity-only"
"R53","1","Net-(C35-Pad1)","R53.pin1","reference-connectivity-only"
"R54","1","Net-(C35-Pad1)","R54.pin1","reference-connectivity-only"
"C55","2","Net-(C55-Pad2)","C55.pin2","reference-connectivity-only"
"R31","2","Net-(C55-Pad2)","R31.pin2","reference-connectivity-only"
"C56","2","Net-(C56-Pad2)","C56.pin2","reference-connectivity-only"
"R30","2","Net-(C56-Pad2)","R30.pin2","reference-connectivity-only"
"C70","1","Net-(C70-Pad1)","C70.pin1","reference-connectivity-only"
"R70","2","Net-(C70-Pad1)","R70.pin2","reference-connectivity-only"
"TP10","1","Net-(C70-Pad1)","TP10.pin1","reference-connectivity-only"
"Z57","2","Net-(C70-Pad1)","Z57.pin2","reference-connectivity-only"
"C71","1","Net-(C71-Pad1)","C71.pin1","reference-connectivity-only"
"R71","2","Net-(C71-Pad1)","R71.pin2","reference-connectivity-only"
"TP11","1","Net-(C71-Pad1)","TP11.pin1","reference-connectivity-only"
"TP31","1","Net-(C71-Pad1)","TP31.pin1","reference-connectivity-only"
"Z58","2","Net-(C71-Pad1)","Z58.pin2","reference-connectivity-only"
"CP1","2","Net-(CP1-Pad2)","CP1.pin2","reference-connectivity-only"
"SP1","2","Net-(CP1-Pad2)","SP1.pin2","reference-connectivity-only"
"CP2","2","Net-(CP2-Pad2)","CP2.pin2","reference-connectivity-only"
"P3","2","Net-(CP2-Pad2)","P3.pin2","reference-connectivity-only"
"R20","1","Net-(CP2-Pad2)","R20.pin1","reference-connectivity-only"
"CP3","2","Net-(CP3-Pad2)","CP3.pin2","reference-connectivity-only"
"P3","3","Net-(CP3-Pad2)","P3.pin3","reference-connectivity-only"
"R19","1","Net-(CP3-Pad2)","R19.pin1","reference-connectivity-only"
"DL2","1","Net-(DL2-K)","DL2.pin1","reference-connectivity-only"
"Q9","4","Net-(DL2-K)","Q9.pin4","reference-connectivity-only"
"JP1","1","Net-(JP1-A)","JP1.pin1","reference-connectivity-only"
"Q2","6","Net-(JP1-A)","Q2.pin6","reference-connectivity-only"
"JP2","2","Net-(JP2-B)","JP2.pin2","reference-connectivity-only"
"U2","17","Net-(JP2-B)","U2.pin18","reference-connectivity-only"
"JP3","2","Net-(JP3-B)","JP3.pin2","reference-connectivity-only"
"U2","47","Net-(JP3-B)","","documented-omission"
"EM3","2","Net-(P4-VDD35)","EM3.pin2","reference-connectivity-only"
"P4","1","Net-(P4-VDD35)","P4.pin1","reference-connectivity-only"
"Q1","1","Net-(Q1-B)","Q1.pin1","reference-connectivity-only"
"R16","2","Net-(Q1-B)","R16.pin2","reference-connectivity-only"
"Q1","3","Net-(Q1-C)","Q1.pin3","reference-connectivity-only"
"Q10","4","Net-(Q1-C)","Q10.pin4","reference-connectivity-only"
"R12","2","Net-(Q1-C)","R12.pin2","reference-connectivity-only"
"R15","2","Net-(Q1-C)","R15.pin2","reference-connectivity-only"
"Q2","1","Net-(Q2A-G)","Q2.pin1","reference-connectivity-only"
"U16","1","Net-(Q2A-G)","U16.pin1","reference-connectivity-only"
"Q2","3","Net-(Q2B-G)","Q2.pin3","reference-connectivity-only"
"U16","4","Net-(Q2B-G)","U16.pin4","reference-connectivity-only"
"Q3","1","Net-(Q3-B)","Q3.pin1","reference-connectivity-only"
"R15","1","Net-(Q3-B)","R15.pin1","reference-connectivity-only"
"Q5","1","Net-(Q5A-G)","Q5.pin1","reference-connectivity-only"
"R64","1","Net-(Q5A-G)","R64.pin1","reference-connectivity-only"
"U14","5","Net-(Q5A-G)","U14.pin5","reference-connectivity-only"
"Q5","4","Net-(Q5B-D)","Q5.pin4","reference-connectivity-only"
"R65","2","Net-(Q5B-D)","R65.pin2","reference-connectivity-only"
"U14","3","Net-(Q5B-D)","U14.pin3","reference-connectivity-only"
"Q5","3","Net-(Q5B-G)","Q5.pin3","reference-connectivity-only"
"R66","2","Net-(Q5B-G)","R66.pin2","reference-connectivity-only"
"U17","1","Net-(Q5B-G)","U17.pin1","reference-connectivity-only"
"Q6","3","Net-(Q6-D)","Q6.pin3","reference-connectivity-only"
"R37","2","Net-(Q6-D)","R37.pin2","reference-connectivity-only"
"U6","2","Net-(Q6-D)","U6.pin2","reference-connectivity-only"
"Q7","1","Net-(Q7A-G)","Q7.pin1","reference-connectivity-only"
"U16","10","Net-(Q7A-G)","U16.pin10","reference-connectivity-only"
"Q7","4","Net-(Q7B-D)","Q7.pin4","reference-connectivity-only"
"R68","2","Net-(Q7B-D)","R68.pin2","reference-connectivity-only"
"TP12","1","Net-(Q7B-D)","TP12.pin1","reference-connectivity-only"
"Q7","3","Net-(Q7B-G)","Q7.pin3","reference-connectivity-only"
"U16","13","Net-(Q7B-G)","U16.pin13","reference-connectivity-only"
"Q9","1","Net-(Q9A-G)","Q9.pin1","reference-connectivity-only"
"R18","2","Net-(Q9A-G)","R18.pin2","reference-connectivity-only"
"U10","1","Net-(Q9A-G)","U10.pin1","reference-connectivity-only"
"Q10","1","Net-(Q10A-G)","Q10.pin1","reference-connectivity-only"
"Q3","3","Net-(Q10A-G)","Q3.pin3","reference-connectivity-only"
"R16","1","Net-(Q10A-G)","R16.pin1","reference-connectivity-only"
"R17","1","Net-(Q10A-G)","R17.pin1","reference-connectivity-only"
"R43","1","Net-(R43-Pad1)","R43.pin1","reference-connectivity-only"
"SW3","1","Net-(R43-Pad1)","SW3.pin1","reference-connectivity-only"
"R44","1","Net-(R44-Pad1)","R44.pin1","reference-connectivity-only"
"SW2","1","Net-(R44-Pad1)","SW2.pin1","reference-connectivity-only"
"R35","1","Net-(RA1A-R1.1)","R35.pin1","reference-connectivity-only"
"RA1","1","Net-(RA1A-R1.1)","RA1.pin1","reference-connectivity-only"
"U1","40","Net-(RA1A-R1.1)","U1.pin40","reference-connectivity-only"
"EM2","2","Net-(RA1A-R1.2)","EM2.pin2","reference-connectivity-only"
"RA1","8","Net-(RA1A-R1.2)","RA1.pin8","reference-connectivity-only"
"TP25","1","Net-(RA1A-R1.2)","TP25.pin1","reference-connectivity-only"
"RA1","2","Net-(RA1B-R2.1)","RA1.pin2","reference-connectivity-only"
"U1","41","Net-(RA1B-R2.1)","U1.pin41","reference-connectivity-only"
"C20","1","Net-(RA1B-R2.2)","C20.pin1","reference-connectivity-only"
"EM2","1","Net-(RA1B-R2.2)","EM2.pin1","reference-connectivity-only"
"RA1","7","Net-(RA1B-R2.2)","RA1.pin7","reference-connectivity-only"
"RA1","3","Net-(RA1C-R3.1)","RA1.pin3","reference-connectivity-only"
"U1","42","Net-(RA1C-R3.1)","U1.pin42","reference-connectivity-only"
"C18","1","Net-(RA1C-R3.2)","C18.pin1","reference-connectivity-only"
"EM1","2","Net-(RA1C-R3.2)","EM1.pin2","reference-connectivity-only"
"RA1","6","Net-(RA1C-R3.2)","RA1.pin6","reference-connectivity-only"
"RA1","4","Net-(RA1D-R4.1)","RA1.pin4","reference-connectivity-only"
"U1","43","Net-(RA1D-R4.1)","U1.pin43","reference-connectivity-only"
"C19","1","Net-(RA1D-R4.2)","C19.pin1","reference-connectivity-only"
"EM1","3","Net-(RA1D-R4.2)","EM1.pin3","reference-connectivity-only"
"RA1","5","Net-(RA1D-R4.2)","RA1.pin5","reference-connectivity-only"
"EM7","2","Net-(U1H-~{RESET})","EM7.pin2","reference-connectivity-only"
"U1","125","Net-(U1H-~{RESET})","U1.pin125","reference-connectivity-only"
"R59","2","Net-(U5-FB)","R59.pin2","reference-connectivity-only"
"R60","1","Net-(U5-FB)","R60.pin1","reference-connectivity-only"
"U5","4","Net-(U5-FB)","U5.pin4","reference-connectivity-only"
"L2","2","Net-(U5-L1)","L2.pin2","reference-connectivity-only"
"U5","9","Net-(U5-L1)","U5.pin9","reference-connectivity-only"
"L2","1","Net-(U5-L2)","L2.pin1","reference-connectivity-only"
"U5","7","Net-(U5-L2)","U5.pin7","reference-connectivity-only"
"CP1","1","Net-(U6-BTL+)","CP1.pin1","reference-connectivity-only"
"U6","8","Net-(U6-BTL+)","U6.pin8","reference-connectivity-only"
"C38","1","Net-(U6-BYPASS)","C38.pin1","reference-connectivity-only"
"U6","7","Net-(U6-BYPASS)","U6.pin7","reference-connectivity-only"
"P3","4","Net-(U6-HP-IN)","P3.pin4","reference-connectivity-only"
"R14","2","Net-(U6-HP-IN)","R14.pin2","reference-connectivity-only"
"U6","3","Net-(U6-HP-IN)","U6.pin3","reference-connectivity-only"
"R30","1","Net-(U6-LIN)","R30.pin1","reference-connectivity-only"
"R57","2","Net-(U6-LIN)","R57.pin2","reference-connectivity-only"
"U6","1","Net-(U6-LIN)","U6.pin1","reference-connectivity-only"
"CP2","1","Net-(U6-LOUT/BTL-)","CP2.pin1","reference-connectivity-only"
"R57","1","Net-(U6-LOUT/BTL-)","R57.pin1","reference-connectivity-only"
"SP1","1","Net-(U6-LOUT/BTL-)","SP1.pin1","reference-connectivity-only"
"U6","10","Net-(U6-LOUT/BTL-)","U6.pin10","reference-connectivity-only"
"R31","1","Net-(U6-RIN)","R31.pin1","reference-connectivity-only"
"R56","1","Net-(U6-RIN)","R56.pin1","reference-connectivity-only"
"U6","5","Net-(U6-RIN)","U6.pin5","reference-connectivity-only"
"CP3","1","Net-(U6-ROUT)","CP3.pin1","reference-connectivity-only"
"R56","2","Net-(U6-ROUT)","R56.pin2","reference-connectivity-only"
"U6","6","Net-(U6-ROUT)","U6.pin6","reference-connectivity-only"
"C33","1","Net-(U7A-+)","C33.pin1","reference-connectivity-only"
"R54","2","Net-(U7A-+)","R54.pin2","reference-connectivity-only"
"U7","3","Net-(U7A-+)","U7.pin3","reference-connectivity-only"
"C35","2","Net-(U7A--)","C35.pin2","reference-connectivity-only"
"U7","1","Net-(U7A--)","U7.pin1","reference-connectivity-only"
"U7","2","Net-(U7A--)","U7.pin2","reference-connectivity-only"
"VR2","1","Net-(U7A--)","VR2.pin4","reference-connectivity-only"
"C27","1","Net-(U7B-+)","C27.pin1","reference-connectivity-only"
"R48","2","Net-(U7B-+)","R48.pin2","reference-connectivity-only"
"U7","5","Net-(U7B-+)","U7.pin5","reference-connectivity-only"
"C28","2","Net-(U7B--)","C28.pin2","reference-connectivity-only"
"U7","6","Net-(U7B--)","U7.pin6","reference-connectivity-only"
"U7","7","Net-(U7B--)","U7.pin7","reference-connectivity-only"
"VR2","2","Net-(U7B--)","VR2.pin2","reference-connectivity-only"
"C31","1","Net-(U7C-+)","C31.pin1","reference-connectivity-only"
"R52","2","Net-(U7C-+)","R52.pin2","reference-connectivity-only"
"U7","10","Net-(U7C-+)","U7.pin10","reference-connectivity-only"
"C32","2","Net-(U7C--)","C32.pin2","reference-connectivity-only"
"R53","2","Net-(U7C--)","R53.pin2","reference-connectivity-only"
"U7","8","Net-(U7C--)","U7.pin8","reference-connectivity-only"
"U7","9","Net-(U7C--)","U7.pin9","reference-connectivity-only"
"C26","1","Net-(U7D-+)","C26.pin1","reference-connectivity-only"
"R47","2","Net-(U7D-+)","R47.pin2","reference-connectivity-only"
"U7","12","Net-(U7D-+)","U7.pin12","reference-connectivity-only"
"C24","2","Net-(U7D--)","C24.pin2","reference-connectivity-only"
"R34","2","Net-(U7D--)","R34.pin2","reference-connectivity-only"
"U7","13","Net-(U7D--)","U7.pin13","reference-connectivity-only"
"U7","14","Net-(U7D--)","U7.pin14","reference-connectivity-only"
"C25","1","Net-(U9-1Y)","C25.pin1","reference-connectivity-only"
"U9","6","Net-(U9-1Y)","U9.pin6","reference-connectivity-only"
"C29","1","Net-(U9-2Y)","C29.pin1","reference-connectivity-only"
"U9","4","Net-(U9-2Y)","U9.pin4","reference-connectivity-only"
"C10","1","Net-(U10-VDD)","C10.pin1","reference-connectivity-only"
"R3","2","Net-(U10-VDD)","R3.pin2","reference-connectivity-only"
"R4","1","Net-(U10-VDD)","R4.pin1","reference-connectivity-only"
"U10","2","Net-(U10-VDD)","U10.pin2","reference-connectivity-only"
"C61","1","Net-(U11-CT)","C61.pin1","reference-connectivity-only"
"U11","4","Net-(U11-CT)","U11.pin4","reference-connectivity-only"
"R72","2","Net-(U13-FB)","R72.pin2","reference-connectivity-only"
"R73","1","Net-(U13-FB)","R73.pin1","reference-connectivity-only"
"U13","4","Net-(U13-FB)","U13.pin4","reference-connectivity-only"
"L1","2","Net-(U13-L1)","L1.pin2","reference-connectivity-only"
"U13","9","Net-(U13-L1)","U13.pin9","reference-connectivity-only"
"L1","1","Net-(U13-L2)","L1.pin1","reference-connectivity-only"
"U13","7","Net-(U13-L2)","U13.pin7","reference-connectivity-only"
"C44","1","Net-(U14-T/T)","C44.pin1","reference-connectivity-only"
"R64","2","Net-(U14-T/T)","R64.pin2","reference-connectivity-only"
"U14","1","Net-(U14-T/T)","U14.pin1","reference-connectivity-only"
"C12","1","Net-(U17-VDD)","C12.pin1","reference-connectivity-only"
"R58","2","Net-(U17-VDD)","R58.pin2","reference-connectivity-only"
"R63","1","Net-(U17-VDD)","R63.pin1","reference-connectivity-only"
"U17","2","Net-(U17-VDD)","U17.pin2","reference-connectivity-only"
"C80","1","Net-(U18-CT)","C80.pin1","reference-connectivity-only"
"U18","4","Net-(U18-CT)","U18.pin4","reference-connectivity-only"
"Q3","2","SW","Q3.pin2","reference-connectivity-only"
"R11","1","SW","R11.pin1","reference-connectivity-only"
"R12","1","SW","R12.pin1","reference-connectivity-only"
"R3","1","SW","R3.pin1","reference-connectivity-only"
"R58","1","SW","R58.pin1","reference-connectivity-only"
"SW1","2","SW","SW1.pin3","reference-connectivity-only"
"SW1","3","SW","SW1.pin3","reference-connectivity-only"
"TP20","1","SW","TP20.pin1","reference-connectivity-only"
"C36","1","VAUD","C36.pin1","reference-connectivity-only"
"C54","1","VAUD","C54.pin1","reference-connectivity-only"
"C59","1","VAUD","C59.pin1","reference-connectivity-only"
"C9","1","VAUD","C9.pin1","reference-connectivity-only"
"R14","1","VAUD","R14.pin1","reference-connectivity-only"
"R37","1","VAUD","R37.pin1","reference-connectivity-only"
"R46","1","VAUD","R46.pin1","reference-connectivity-only"
"R50","1","VAUD","R50.pin1","reference-connectivity-only"
"TP22","1","VAUD","TP22.pin1","reference-connectivity-only"
"U4","5","VAUD","U4.pin1","reference-connectivity-only"
"U6","9","VAUD","U6.pin9","reference-connectivity-only"
"U7","4","VAUD","U7.pin4","reference-connectivity-only"
"U9","5","VAUD","U9.pin5","reference-connectivity-only"
"D2","2","VBATT","D2.pin2","reference-connectivity-only"
"F1","2","VBATT","F1.pin2","reference-connectivity-only"
"PTC1","1","VBATT","PTC1.pin1","reference-connectivity-only"
"R9","1","VBATT","R9.pin1","reference-connectivity-only"
"SW1","1","VBATT","SW1.pin1","reference-connectivity-only"
"TP19","1","VBATT","TP19.pin1","reference-connectivity-only"
"C37","1","VCC","C37.pin1","reference-connectivity-only"
"C57","1","VCC","C57.pin1","reference-connectivity-only"
"PTC1","2","VCC","PTC1.pin2","reference-connectivity-only"
"TP32","1","VCC","TP32.pin1","reference-connectivity-only"
"U13","10","VCC","U13.pin10","reference-connectivity-only"
"U5","10","VCC","U5.pin10","reference-connectivity-only"
"C15","1","VDD2","C15.pin1","reference-connectivity-only"
"C16","1","VDD2","C16.pin1","reference-connectivity-only"
"C45","1","VDD2","C45.pin1","reference-connectivity-only"
"C46","1","VDD2","C46.pin1","reference-connectivity-only"
"C47","1","VDD2","C47.pin1","reference-connectivity-only"
"C48","1","VDD2","C48.pin1","reference-connectivity-only"
"C52","1","VDD2","C52.pin1","reference-connectivity-only"
"C53","1","VDD2","C53.pin1","reference-connectivity-only"
"C60","1","VDD2","C60.pin1","reference-connectivity-only"
"C8","1","VDD2","C8.pin1","reference-connectivity-only"
"JP3","1","VDD2","JP3.pin1","reference-connectivity-only"
"R8","1","VDD2","R8.pin1","reference-connectivity-only"
"TP18","1","VDD2","TP18.pin1","reference-connectivity-only"
"U1","115","VDD2","U1.pin115","reference-connectivity-only"
"U1","117","VDD2","U1.pin117","reference-connectivity-only"
"U1","44","VDD2","U1.pin44","reference-connectivity-only"
"U1","65","VDD2","U1.pin65","reference-connectivity-only"
"U2","12","VDD2","","documented-omission"
"U2","16","VDD2","U2.pin11","reference-connectivity-only"
"U2","37","VDD2","U2.pin33","reference-connectivity-only"
"U8","5","VDD2","U8.pin1","reference-connectivity-only"
"C34","1","VDD3","C34.pin1","reference-connectivity-only"
"C39","1","VDD3","C39.pin1","reference-connectivity-only"
"C43","1","VDD3","C43.pin1","reference-connectivity-only"
"C49","1","VDD3","C49.pin1","reference-connectivity-only"
"C5","1","VDD3","C5.pin1","reference-connectivity-only"
"C50","1","VDD3","C50.pin1","reference-connectivity-only"
"C69","1","VDD3","C69.pin1","reference-connectivity-only"
"P1","S1","VDD3","P1.pin35","reference-connectivity-only"
"R29","2","VDD3","R29.pin2","reference-connectivity-only"
"R6","1","VDD3","R6.pin1","reference-connectivity-only"
"R67","1","VDD3","R67.pin1","reference-connectivity-only"
"R68","1","VDD3","R68.pin1","reference-connectivity-only"
"R7","1","VDD3","R7.pin1","reference-connectivity-only"
"R70","1","VDD3","R70.pin1","reference-connectivity-only"
"R71","1","VDD3","R71.pin1","reference-connectivity-only"
"TP21","1","VDD3","TP21.pin1","reference-connectivity-only"
"U1","1","VDD3","U1.pin1","reference-connectivity-only"
"U1","103","VDD3","U1.pin103","reference-connectivity-only"
"U1","124","VDD3","U1.pin124","reference-connectivity-only"
"U12","1","VDD3","U12.pin1","reference-connectivity-only"
"U15","5","VDD3","U15.pin5","reference-connectivity-only"
"U16","14","VDD3","U16.pin14","reference-connectivity-only"
"U18","5","VDD3","U18.pin5","reference-connectivity-only"
"U18","6","VDD3","U18.pin6","reference-connectivity-only"
"C11","1","VDD5","C11.pin1","reference-connectivity-only"
"C13","1","VDD5","C13.pin1","reference-connectivity-only"
"P1","S2","VDD5","P1.pin36","reference-connectivity-only"
"P2","34","VDD5","P2.pin34","reference-connectivity-only"
"Q6","1","VDD5","Q6.pin1","reference-connectivity-only"
"R26","2","VDD5","R26.pin2","reference-connectivity-only"
"TP14","1","VDD5","TP14.pin1","reference-connectivity-only"
"U11","5","VDD5","U11.pin5","reference-connectivity-only"
"U11","6","VDD5","U11.pin6","reference-connectivity-only"
"C17","1","VDD35","C17.pin1","reference-connectivity-only"
"C51","1","VDD35","C51.pin1","reference-connectivity-only"
"C6","1","VDD35","C6.pin1","reference-connectivity-only"
"C7","1","VDD35","C7.pin1","reference-connectivity-only"
"EM3","1","VDD35","EM3.pin1","reference-connectivity-only"
"P1","1","VDD35","P1.pin1","reference-connectivity-only"
"P1","C1","VDD35","P1.pin33","reference-connectivity-only"
"R2","1","VDD35","R2.pin1","reference-connectivity-only"
"R35","2","VDD35","R35.pin2","reference-connectivity-only"
"U1","38","VDD35","U1.pin38","reference-connectivity-only"
"C2","1","VOUT3","C2.pin1","reference-connectivity-only"
"C22","1","VOUT3","C22.pin1","reference-connectivity-only"
"C23","1","VOUT3","C23.pin1","reference-connectivity-only"
"C42","1","VOUT3","C42.pin1","reference-connectivity-only"
"R13","2","VOUT3","R13.pin2","reference-connectivity-only"
"R72","1","VOUT3","R72.pin1","reference-connectivity-only"
"TP16","1","VOUT3","TP16.pin1","reference-connectivity-only"
"U13","6","VOUT3","U13.pin6","reference-connectivity-only"
"U18","1","VOUT3","U18.pin1","reference-connectivity-only"
"U4","1","VOUT3","U4.pin6","reference-connectivity-only"
"U8","1","VOUT3","U8.pin6","reference-connectivity-only"
"C21","1","VOUT5","C21.pin1","reference-connectivity-only"
"C58","1","VOUT5","C58.pin1","reference-connectivity-only"
"C72","1","VOUT5","C72.pin1","reference-connectivity-only"
"R10","1","VOUT5","R10.pin1","reference-connectivity-only"
"R18","1","VOUT5","R18.pin1","reference-connectivity-only"
"R25","1","VOUT5","R25.pin1","reference-connectivity-only"
"R59","1","VOUT5","R59.pin1","reference-connectivity-only"
"R65","1","VOUT5","R65.pin1","reference-connectivity-only"
"R66","1","VOUT5","R66.pin1","reference-connectivity-only"
"TP13","1","VOUT5","TP13.pin1","reference-connectivity-only"
"U11","1","VOUT5","U11.pin1","reference-connectivity-only"
"U14","4","VOUT5","U14.pin4","reference-connectivity-only"
"U5","6","VOUT5","U5.pin6","reference-connectivity-only"
